{
  "recommended_threshold": 0.35,
  "standard_metrics": {
    "accuracy": 0.9256,
    "f1": 0.9051987767584098,
    "precision": 0.9230769230769231,
    "recall": 0.888
  },
  "custom_metrics": {
    "accuracy": 0.9256,
    "f1": 0.9055837563451776,
    "precision": 0.9195876288659793,
    "recall": 0.892
  }
}